[{"id":1635786000,"dateTime":"2021-11-01T17:00:00.000Z","treatmentName":"massage","userId":100},{"id":1635800400,"dateTime":"2021-11-01T21:00:00.000Z","treatmentName":"facial"},{"id":1635883200,"dateTime":"2021-11-02T20:00:00.000Z","treatmentName":"scrub"},{"id":1635890400,"dateTime":"2021-11-02T22:00:00.000Z","treatmentName":"massage","userId":100},{"id":1635962400,"dateTime":"2021-11-03T18:00:00.000Z","treatmentName":"facial"},{"id":1635980400,"dateTime":"2021-11-03T23:00:00.000Z","treatmentName":"scrub"},{"id":1636041600,"dateTime":"2021-11-04T16:00:00.000Z","treatmentName":"scrub"},{"id":1636056000,"dateTime":"2021-11-04T20:00:00.000Z","treatmentName":"scrub","userId":100},{"id":1636142400,"dateTime":"2021-11-05T20:00:00.000Z","treatmentName":"massage","userId":100},{"id":1636149600,"dateTime":"2021-11-05T22:00:00.000Z","treatmentName":"massage"},{"id":1636394400,"dateTime":"2021-11-08T18:00:00.000Z","treatmentName":"massage","userId":100},{"id":1636408800,"dateTime":"2021-11-08T22:00:00.000Z","treatmentName":"facial"},{"id":1636491600,"dateTime":"2021-11-09T21:00:00.000Z","treatmentName":"scrub"},{"id":1636498800,"dateTime":"2021-11-09T23:00:00.000Z","treatmentName":"massage"},{"id":1636570800,"dateTime":"2021-11-10T19:00:00.000Z","treatmentName":"facial","userId":100},{"id":1636588800,"dateTime":"2021-11-11T00:00:00.000Z","treatmentName":"scrub"},{"id":1636650000,"dateTime":"2021-11-11T17:00:00.000Z","treatmentName":"scrub"},{"id":1636664400,"dateTime":"2021-11-11T21:00:00.000Z","treatmentName":"scrub"},{"id":1636750800,"dateTime":"2021-11-12T21:00:00.000Z","treatmentName":"massage"},{"id":1636758000,"dateTime":"2021-11-12T23:00:00.000Z","treatmentName":"massage"},{"id":1636999200,"dateTime":"2021-11-15T18:00:00.000Z","treatmentName":"massage"},{"id":1637013600,"dateTime":"2021-11-15T22:00:00.000Z","treatmentName":"facial","userId":100},{"id":1637096400,"dateTime":"2021-11-16T21:00:00.000Z","treatmentName":"scrub"},{"id":1637103600,"dateTime":"2021-11-16T23:00:00.000Z","treatmentName":"massage"},{"id":1637175600,"dateTime":"2021-11-17T19:00:00.000Z","treatmentName":"facial","userId":100},{"id":1637193600,"dateTime":"2021-11-18T00:00:00.000Z","treatmentName":"scrub"},{"id":1637254800,"dateTime":"2021-11-18T17:00:00.000Z","treatmentName":"scrub","userId":100},{"id":1637269200,"dateTime":"2021-11-18T21:00:00.000Z","treatmentName":"scrub","userId":100},{"id":1637355600,"dateTime":"2021-11-19T21:00:00.000Z","treatmentName":"massage"},{"id":1637362800,"dateTime":"2021-11-19T23:00:00.000Z","treatmentName":"massage"},{"id":1637604000,"dateTime":"2021-11-22T18:00:00.000Z","treatmentName":"massage"},{"id":1637618400,"dateTime":"2021-11-22T22:00:00.000Z","treatmentName":"facial"},{"id":1637701200,"dateTime":"2021-11-23T21:00:00.000Z","treatmentName":"scrub"},{"id":1637708400,"dateTime":"2021-11-23T23:00:00.000Z","treatmentName":"massage","userId":100},{"id":1637780400,"dateTime":"2021-11-24T19:00:00.000Z","treatmentName":"facial","userId":100},{"id":1637798400,"dateTime":"2021-11-25T00:00:00.000Z","treatmentName":"scrub","userId":100},{"id":1637859600,"dateTime":"2021-11-25T17:00:00.000Z","treatmentName":"scrub"},{"id":1637874000,"dateTime":"2021-11-25T21:00:00.000Z","treatmentName":"scrub","userId":100},{"id":1637960400,"dateTime":"2021-11-26T21:00:00.000Z","treatmentName":"massage"},{"id":1637967600,"dateTime":"2021-11-26T23:00:00.000Z","treatmentName":"massage"},{"id":1638208800,"dateTime":"2021-11-29T18:00:00.000Z","treatmentName":"massage"},{"id":1638223200,"dateTime":"2021-11-29T22:00:00.000Z","treatmentName":"facial"},{"id":1638306000,"dateTime":"2021-11-30T21:00:00.000Z","treatmentName":"scrub"},{"id":1638313200,"dateTime":"2021-11-30T23:00:00.000Z","treatmentName":"massage","userId":100},{"id":1638385200,"dateTime":"2021-12-01T19:00:00.000Z","treatmentName":"facial","userId":100},{"id":1638403200,"dateTime":"2021-12-02T00:00:00.000Z","treatmentName":"scrub","userId":100},{"id":1638464400,"dateTime":"2021-12-02T17:00:00.000Z","treatmentName":"scrub","userId":100},{"id":1638478800,"dateTime":"2021-12-02T21:00:00.000Z","treatmentName":"scrub"},{"id":1638565200,"dateTime":"2021-12-03T21:00:00.000Z","treatmentName":"massage"},{"id":1638572400,"dateTime":"2021-12-03T23:00:00.000Z","treatmentName":"massage","userId":100},{"id":1638813600,"dateTime":"2021-12-06T18:00:00.000Z","treatmentName":"massage"},{"id":1638828000,"dateTime":"2021-12-06T22:00:00.000Z","treatmentName":"facial"},{"id":1638910800,"dateTime":"2021-12-07T21:00:00.000Z","treatmentName":"scrub"},{"id":1638918000,"dateTime":"2021-12-07T23:00:00.000Z","treatmentName":"massage","userId":100},{"id":1638990000,"dateTime":"2021-12-08T19:00:00.000Z","treatmentName":"facial"},{"id":1639008000,"dateTime":"2021-12-09T00:00:00.000Z","treatmentName":"scrub","userId":100},{"id":1639069200,"dateTime":"2021-12-09T17:00:00.000Z","treatmentName":"scrub"},{"id":1639083600,"dateTime":"2021-12-09T21:00:00.000Z","treatmentName":"scrub"},{"id":1639170000,"dateTime":"2021-12-10T21:00:00.000Z","treatmentName":"massage","userId":100},{"id":1639177200,"dateTime":"2021-12-10T23:00:00.000Z","treatmentName":"massage"},{"id":1639418400,"dateTime":"2021-12-13T18:00:00.000Z","treatmentName":"massage","userId":100},{"id":1639432800,"dateTime":"2021-12-13T22:00:00.000Z","treatmentName":"facial"},{"id":1639515600,"dateTime":"2021-12-14T21:00:00.000Z","treatmentName":"scrub"},{"id":1639522800,"dateTime":"2021-12-14T23:00:00.000Z","treatmentName":"massage","userId":100},{"id":1639594800,"dateTime":"2021-12-15T19:00:00.000Z","treatmentName":"facial"},{"id":1639612800,"dateTime":"2021-12-16T00:00:00.000Z","treatmentName":"scrub","userId":100},{"id":1639674000,"dateTime":"2021-12-16T17:00:00.000Z","treatmentName":"scrub","userId":100},{"id":1639688400,"dateTime":"2021-12-16T21:00:00.000Z","treatmentName":"scrub"},{"id":1639774800,"dateTime":"2021-12-17T21:00:00.000Z","treatmentName":"massage"},{"id":1639782000,"dateTime":"2021-12-17T23:00:00.000Z","treatmentName":"massage","userId":100},{"id":1640023200,"dateTime":"2021-12-20T18:00:00.000Z","treatmentName":"massage","userId":100},{"id":1640037600,"dateTime":"2021-12-20T22:00:00.000Z","treatmentName":"facial"},{"id":1640120400,"dateTime":"2021-12-21T21:00:00.000Z","treatmentName":"scrub"},{"id":1640127600,"dateTime":"2021-12-21T23:00:00.000Z","treatmentName":"massage","userId":100},{"id":1640199600,"dateTime":"2021-12-22T19:00:00.000Z","treatmentName":"facial"},{"id":1640217600,"dateTime":"2021-12-23T00:00:00.000Z","treatmentName":"scrub"},{"id":1640278800,"dateTime":"2021-12-23T17:00:00.000Z","treatmentName":"scrub","userId":100},{"id":1640293200,"dateTime":"2021-12-23T21:00:00.000Z","treatmentName":"scrub"},{"id":1640379600,"dateTime":"2021-12-24T21:00:00.000Z","treatmentName":"massage","userId":100},{"id":1640386800,"dateTime":"2021-12-24T23:00:00.000Z","treatmentName":"massage"},{"id":1640628000,"dateTime":"2021-12-27T18:00:00.000Z","treatmentName":"massage"},{"id":1640642400,"dateTime":"2021-12-27T22:00:00.000Z","treatmentName":"facial","userId":100},{"id":1640725200,"dateTime":"2021-12-28T21:00:00.000Z","treatmentName":"scrub"},{"id":1640732400,"dateTime":"2021-12-28T23:00:00.000Z","treatmentName":"massage","userId":100},{"id":1640804400,"dateTime":"2021-12-29T19:00:00.000Z","treatmentName":"facial"},{"id":1640822400,"dateTime":"2021-12-30T00:00:00.000Z","treatmentName":"scrub"},{"id":1640883600,"dateTime":"2021-12-30T17:00:00.000Z","treatmentName":"scrub"},{"id":1640898000,"dateTime":"2021-12-30T21:00:00.000Z","treatmentName":"scrub"},{"id":1640984400,"dateTime":"2021-12-31T21:00:00.000Z","treatmentName":"massage","userId":100},{"id":1640991600,"dateTime":"2021-12-31T23:00:00.000Z","treatmentName":"massage","userId":100},{"id":1641232800,"dateTime":"2022-01-03T18:00:00.000Z","treatmentName":"massage","userId":100},{"id":1641247200,"dateTime":"2022-01-03T22:00:00.000Z","treatmentName":"facial"},{"id":1641330000,"dateTime":"2022-01-04T21:00:00.000Z","treatmentName":"scrub"},{"id":1641337200,"dateTime":"2022-01-04T23:00:00.000Z","treatmentName":"massage"},{"id":1641409200,"dateTime":"2022-01-05T19:00:00.000Z","treatmentName":"facial"},{"id":1641427200,"dateTime":"2022-01-06T00:00:00.000Z","treatmentName":"scrub","userId":100},{"id":1641488400,"dateTime":"2022-01-06T17:00:00.000Z","treatmentName":"scrub"},{"id":1641502800,"dateTime":"2022-01-06T21:00:00.000Z","treatmentName":"scrub"},{"id":1641589200,"dateTime":"2022-01-07T21:00:00.000Z","treatmentName":"massage"},{"id":1641596400,"dateTime":"2022-01-07T23:00:00.000Z","treatmentName":"massage"},{"id":1641837600,"dateTime":"2022-01-10T18:00:00.000Z","treatmentName":"massage"},{"id":1641852000,"dateTime":"2022-01-10T22:00:00.000Z","treatmentName":"facial","userId":100},{"id":1641934800,"dateTime":"2022-01-11T21:00:00.000Z","treatmentName":"scrub"},{"id":1641942000,"dateTime":"2022-01-11T23:00:00.000Z","treatmentName":"massage","userId":100},{"id":1642014000,"dateTime":"2022-01-12T19:00:00.000Z","treatmentName":"facial"},{"id":1642032000,"dateTime":"2022-01-13T00:00:00.000Z","treatmentName":"scrub"},{"id":1642093200,"dateTime":"2022-01-13T17:00:00.000Z","treatmentName":"scrub","userId":100},{"id":1642107600,"dateTime":"2022-01-13T21:00:00.000Z","treatmentName":"scrub"},{"id":1642194000,"dateTime":"2022-01-14T21:00:00.000Z","treatmentName":"massage"},{"id":1642201200,"dateTime":"2022-01-14T23:00:00.000Z","treatmentName":"massage"},{"id":1642442400,"dateTime":"2022-01-17T18:00:00.000Z","treatmentName":"massage"},{"id":1642456800,"dateTime":"2022-01-17T22:00:00.000Z","treatmentName":"facial","userId":100},{"id":1642539600,"dateTime":"2022-01-18T21:00:00.000Z","treatmentName":"scrub","userId":100},{"id":1642546800,"dateTime":"2022-01-18T23:00:00.000Z","treatmentName":"massage","userId":100},{"id":1642618800,"dateTime":"2022-01-19T19:00:00.000Z","treatmentName":"facial"},{"id":1642636800,"dateTime":"2022-01-20T00:00:00.000Z","treatmentName":"scrub"},{"id":1642698000,"dateTime":"2022-01-20T17:00:00.000Z","treatmentName":"scrub","userId":100},{"id":1642712400,"dateTime":"2022-01-20T21:00:00.000Z","treatmentName":"scrub","userId":100},{"id":1642798800,"dateTime":"2022-01-21T21:00:00.000Z","treatmentName":"massage","userId":100},{"id":1642806000,"dateTime":"2022-01-21T23:00:00.000Z","treatmentName":"massage"},{"id":1643047200,"dateTime":"2022-01-24T18:00:00.000Z","treatmentName":"massage","userId":100},{"id":1643061600,"dateTime":"2022-01-24T22:00:00.000Z","treatmentName":"facial","userId":100},{"id":1643144400,"dateTime":"2022-01-25T21:00:00.000Z","treatmentName":"scrub"},{"id":1643151600,"dateTime":"2022-01-25T23:00:00.000Z","treatmentName":"massage"},{"id":1643223600,"dateTime":"2022-01-26T19:00:00.000Z","treatmentName":"facial","userId":100},{"id":1643241600,"dateTime":"2022-01-27T00:00:00.000Z","treatmentName":"scrub","userId":100},{"id":1643302800,"dateTime":"2022-01-27T17:00:00.000Z","treatmentName":"scrub"},{"id":1643317200,"dateTime":"2022-01-27T21:00:00.000Z","treatmentName":"scrub"},{"id":1643403600,"dateTime":"2022-01-28T21:00:00.000Z","treatmentName":"massage","userId":100},{"id":1643410800,"dateTime":"2022-01-28T23:00:00.000Z","treatmentName":"massage","userId":100},{"id":1643652000,"dateTime":"2022-01-31T18:00:00.000Z","treatmentName":"massage","userId":100},{"id":1643666400,"dateTime":"2022-01-31T22:00:00.000Z","treatmentName":"facial","userId":100}]